time,date,file,func,line,serious_error,error,warning,msg,format_exception,phase,gnss_time,lat,lon,alt,alt_base_press,goal_lat,goal_lon,temp,press,camera_area,camera_order,camera_center_x,camera_center_y,camera_frame_size_x,camera_frame_size_y,motor_l,motor_r,goal_relative_x,goal_relative_y,goal_relative_angle_rad,goal_distance,accel_all_x,accel_all_y,accel_all_z,accel_line_x,accel_line_y,accel_line_z,mag_x,mag_y,mag_z,gyro_x,gyro_y,gyro_z,grav_x,grav_y,grav_z,euler_x,euler_y,euler_z,nmea
"9120.323490177","2026-08-15 08:42:28.937838","/home/akatoki/SC-30/scripts/SC-30/2_phase/motordrive.py","<module>","346","","","","--- Motor Test Start ---","","","","","","","","","","","","","","","","","","","","","","","","","","","","","","","","","","","","","","","","","",""
"9124.683610425","2026-08-15 08:42:33.297967","/home/akatoki/SC-30/scripts/SC-30/2_phase/motordrive.py","<module>","359","","","","f""Move {d}, Inverted={is_inv}""","","","","","","","","","","","","","","","","","","","","","","","","","","","","","","","","","","","","","","","","","",""
"9124.688308355","2026-08-15 08:42:33.302658","/home/akatoki/SC-30/scripts/SC-30/2_phase/motordrive.py","move","150","","","","move: direction=w, power=1.0, duration=10.0","","","","","","","","","","","","","","","","","","","","","","","","","","","","","","","","","","","","","","","","","",""
"9124.694112839","2026-08-15 08:42:33.308462","/home/akatoki/SC-30/scripts/SC-30/2_phase/motordrive.py","set_values","186","","","","","","","","","","","","","","","","","","","","","","0.0","0.0","","","","","","","","","","","","","","","","","","","","","","",""
"9124.725389093","2026-08-15 08:42:33.339730","/home/akatoki/SC-30/scripts/SC-30/2_phase/motordrive.py","set_values","186","","","","","","","","","","","","","","","","","","","","","","0.06999999999999999","0.1","","","","","","","","","","","","","","","","","","","","","","",""
"9124.762754308","2026-08-15 08:42:33.377094","/home/akatoki/SC-30/scripts/SC-30/2_phase/motordrive.py","set_values","186","","","","","","","","","","","","","","","","","","","","","","0.13999999999999999","0.2","","","","","","","","","","","","","","","","","","","","","","",""
"9124.79479618","2026-08-15 08:42:33.409137","/home/akatoki/SC-30/scripts/SC-30/2_phase/motordrive.py","set_values","186","","","","","","","","","","","","","","","","","","","","","","0.21000000000000002","0.30000000000000004","","","","","","","","","","","","","","","","","","","","","","",""
"9124.826849355","2026-08-15 08:42:33.441191","/home/akatoki/SC-30/scripts/SC-30/2_phase/motordrive.py","set_values","186","","","","","","","","","","","","","","","","","","","","","","0.27999999999999997","0.4","","","","","","","","","","","","","","","","","","","","","","",""
"9124.858848572","2026-08-15 08:42:33.473189","/home/akatoki/SC-30/scripts/SC-30/2_phase/motordrive.py","set_values","186","","","","","","","","","","","","","","","","","","","","","","0.35","0.5","","","","","","","","","","","","","","","","","","","","","","",""
"9124.89044373","2026-08-15 08:42:33.504782","/home/akatoki/SC-30/scripts/SC-30/2_phase/motordrive.py","set_values","186","","","","","","","","","","","","","","","","","","","","","","0.42000000000000004","0.6000000000000001","","","","","","","","","","","","","","","","","","","","","","",""
"9124.92206321","2026-08-15 08:42:33.536402","/home/akatoki/SC-30/scripts/SC-30/2_phase/motordrive.py","set_values","186","","","","","","","","","","","","","","","","","","","","","","0.49","0.7000000000000001","","","","","","","","","","","","","","","","","","","","","","",""
"9124.953617899","2026-08-15 08:42:33.567956","/home/akatoki/SC-30/scripts/SC-30/2_phase/motordrive.py","set_values","186","","","","","","","","","","","","","","","","","","","","","","0.5599999999999999","0.8","","","","","","","","","","","","","","","","","","","","","","",""
"9124.985492169","2026-08-15 08:42:33.599832","/home/akatoki/SC-30/scripts/SC-30/2_phase/motordrive.py","set_values","186","","","","","","","","","","","","","","","","","","","","","","0.63","0.9","","","","","","","","","","","","","","","","","","","","","","",""
"9125.023685398","2026-08-15 08:42:33.638026","/home/akatoki/SC-30/scripts/SC-30/2_phase/motordrive.py","set_values","186","","","","","","","","","","","","","","","","","","","","","","0.7","1.0","","","","","","","","","","","","","","","","","","","","","","",""
"9125.055346805","2026-08-15 08:42:33.669687","/home/akatoki/SC-30/scripts/SC-30/2_phase/motordrive.py","set_values","186","","","","","","","","","","","","","","","","","","","","","","0.7","1.0","","","","","","","","","","","","","","","","","","","","","","",""
"9125.483472254","2026-08-15 08:42:34.097818","/home/akatoki/SC-30/scripts/SC-30/2_phase/motordrive.py","move","267","","","inverted detected","","","","","","","","","","","","","","","","","","","","","","","","","","","","","","","","","","","","","","","","","","",""
"9125.490066575","2026-08-15 08:42:34.104408","/home/akatoki/SC-30/scripts/SC-30/2_phase/motordrive.py","stop","120","","","","stop: power_r=1.0, power_l=0.7","","","","","","","","","","","","","","","","","","","","","","","","","","","","","","","","","","","","","","","","","",""
"9126.070322026","2026-08-15 08:42:34.684671","/home/akatoki/SC-30/scripts/SC-30/2_phase/motordrive.py","stop","134","","","","","","","","","","","","","","","","","","","","","","0.0","0.0","","","","","","","","","","","","","","","","","","","","","","",""
"9126.175106324","2026-08-15 08:42:34.789467","/home/akatoki/SC-30/scripts/SC-30/2_phase/motordrive.py","<module>","364","","","",">> Stuck detected! Running release sequence...","","","","","","","","","","","","","","","","","","","","","","","","","","","","","","","","","","","","","","","","","",""
"9126.184433122","2026-08-15 08:42:34.798790","/home/akatoki/SC-30/scripts/SC-30/2_phase/motordrive.py","check_stuck","287","","","","check_stuck: is_stacked=2, is_inverted=False","","","","","","","","","","","","","","","","","","","","","","","","","","","","","","","","","","","","","","","","","",""
"9126.187838303","2026-08-15 08:42:34.802194","/home/akatoki/SC-30/scripts/SC-30/2_phase/motordrive.py","check_stuck","322","","","","Starting Inverted Release Sequence...","","","","","","","","","","","","","","","","","","","","","","","","","","","","","","","","","","","","","","","","","",""
"9129.193750746","2026-08-15 08:42:37.808102","/home/akatoki/SC-30/scripts/SC-30/2_phase/motordrive.py","move","150","","","","move: direction=w, power=1.0, duration=10.0","","","","","","","","","","","","","","","","","","","","","","","","","","","","","","","","","","","","","","","","","",""
"9129.200660064","2026-08-15 08:42:37.815010","/home/akatoki/SC-30/scripts/SC-30/2_phase/motordrive.py","set_values","186","","","","","","","","","","","","","","","","","","","","","","0.0","0.0","","","","","","","","","","","","","","","","","","","","","","",""
"9129.231810225","2026-08-15 08:42:37.846150","/home/akatoki/SC-30/scripts/SC-30/2_phase/motordrive.py","set_values","186","","","","","","","","","","","","","","","","","","","","","","0.06999999999999999","0.1","","","","","","","","","","","","","","","","","","","","","","",""
"9129.263828973","2026-08-15 08:42:37.878169","/home/akatoki/SC-30/scripts/SC-30/2_phase/motordrive.py","set_values","186","","","","","","","","","","","","","","","","","","","","","","0.13999999999999999","0.2","","","","","","","","","","","","","","","","","","","","","","",""
"9129.295838555","2026-08-15 08:42:37.910180","/home/akatoki/SC-30/scripts/SC-30/2_phase/motordrive.py","set_values","186","","","","","","","","","","","","","","","","","","","","","","0.21000000000000002","0.30000000000000004","","","","","","","","","","","","","","","","","","","","","","",""
"9129.327835063","2026-08-15 08:42:37.942175","/home/akatoki/SC-30/scripts/SC-30/2_phase/motordrive.py","set_values","186","","","","","","","","","","","","","","","","","","","","","","0.27999999999999997","0.4","","","","","","","","","","","","","","","","","","","","","","",""
"9129.364756948","2026-08-15 08:42:37.979097","/home/akatoki/SC-30/scripts/SC-30/2_phase/motordrive.py","set_values","186","","","","","","","","","","","","","","","","","","","","","","0.35","0.5","","","","","","","","","","","","","","","","","","","","","","",""
"9129.397734438","2026-08-15 08:42:38.012075","/home/akatoki/SC-30/scripts/SC-30/2_phase/motordrive.py","set_values","186","","","","","","","","","","","","","","","","","","","","","","0.42000000000000004","0.6000000000000001","","","","","","","","","","","","","","","","","","","","","","",""
"9129.429788811","2026-08-15 08:42:38.044129","/home/akatoki/SC-30/scripts/SC-30/2_phase/motordrive.py","set_values","186","","","","","","","","","","","","","","","","","","","","","","0.49","0.7000000000000001","","","","","","","","","","","","","","","","","","","","","","",""
"9129.461795527","2026-08-15 08:42:38.076135","/home/akatoki/SC-30/scripts/SC-30/2_phase/motordrive.py","set_values","186","","","","","","","","","","","","","","","","","","","","","","0.5599999999999999","0.8","","","","","","","","","","","","","","","","","","","","","","",""
"9129.493892244","2026-08-15 08:42:38.108233","/home/akatoki/SC-30/scripts/SC-30/2_phase/motordrive.py","set_values","186","","","","","","","","","","","","","","","","","","","","","","0.63","0.9","","","","","","","","","","","","","","","","","","","","","","",""
"9129.525887815","2026-08-15 08:42:38.140228","/home/akatoki/SC-30/scripts/SC-30/2_phase/motordrive.py","set_values","186","","","","","","","","","","","","","","","","","","","","","","0.7","1.0","","","","","","","","","","","","","","","","","","","","","","",""
"9129.557529743","2026-08-15 08:42:38.171872","/home/akatoki/SC-30/scripts/SC-30/2_phase/motordrive.py","set_values","186","","","","","","","","","","","","","","","","","","","","","","0.7","1.0","","","","","","","","","","","","","","","","","","","","","","",""
"9139.294789821","2026-08-15 08:42:47.909132","/home/akatoki/SC-30/scripts/SC-30/2_phase/motordrive.py","stop","120","","","","stop: power_r=1.0, power_l=0.7","","","","","","","","","","","","","","","","","","","","","","","","","","","","","","","","","","","","","","","","","",""
"9139.880271741","2026-08-15 08:42:48.494622","/home/akatoki/SC-30/scripts/SC-30/2_phase/motordrive.py","stop","134","","","","","","","","","","","","","","","","","","","","","","0.0","0.0","","","","","","","","","","","","","","","","","","","","","","",""
"9139.987122688","2026-08-15 08:42:48.601477","/home/akatoki/SC-30/scripts/SC-30/2_phase/motordrive.py","check_stuck","336","","","","Inverted Release Sequence Finished.","","","","","","","","","","","","","","","","","","","","","","","","","","","","","","","","","","","","","","","","","",""
"9145.788204825","2026-08-15 08:42:54.402562","/home/akatoki/SC-30/scripts/SC-30/2_phase/motordrive.py","<module>","359","","","","f""Move {d}, Inverted={is_inv}""","","","","","","","","","","","","","","","","","","","","","","","","","","","","","","","","","","","","","","","","","",""
"9145.79285161","2026-08-15 08:42:54.407201","/home/akatoki/SC-30/scripts/SC-30/2_phase/motordrive.py","move","150","","","","move: direction=w, power=1.0, duration=10.0","","","","","","","","","","","","","","","","","","","","","","","","","","","","","","","","","","","","","","","","","",""
"9145.798904268","2026-08-15 08:42:54.413254","/home/akatoki/SC-30/scripts/SC-30/2_phase/motordrive.py","set_values","186","","","","","","","","","","","","","","","","","","","","","","0.0","0.0","","","","","","","","","","","","","","","","","","","","","","",""
"9145.830603384","2026-08-15 08:42:54.444943","/home/akatoki/SC-30/scripts/SC-30/2_phase/motordrive.py","set_values","186","","","","","","","","","","","","","","","","","","","","","","0.06999999999999999","0.1","","","","","","","","","","","","","","","","","","","","","","",""
"9145.86793214","2026-08-15 08:42:54.482272","/home/akatoki/SC-30/scripts/SC-30/2_phase/motordrive.py","set_values","186","","","","","","","","","","","","","","","","","","","","","","0.13999999999999999","0.2","","","","","","","","","","","","","","","","","","","","","","",""
"9145.901776238","2026-08-15 08:42:54.516117","/home/akatoki/SC-30/scripts/SC-30/2_phase/motordrive.py","set_values","186","","","","","","","","","","","","","","","","","","","","","","0.21000000000000002","0.30000000000000004","","","","","","","","","","","","","","","","","","","","","","",""
"9145.934227795","2026-08-15 08:42:54.548568","/home/akatoki/SC-30/scripts/SC-30/2_phase/motordrive.py","set_values","186","","","","","","","","","","","","","","","","","","","","","","0.27999999999999997","0.4","","","","","","","","","","","","","","","","","","","","","","",""
"9145.966618779","2026-08-15 08:42:54.580959","/home/akatoki/SC-30/scripts/SC-30/2_phase/motordrive.py","set_values","186","","","","","","","","","","","","","","","","","","","","","","0.35","0.5","","","","","","","","","","","","","","","","","","","","","","",""
"9145.999058357","2026-08-15 08:42:54.613399","/home/akatoki/SC-30/scripts/SC-30/2_phase/motordrive.py","set_values","186","","","","","","","","","","","","","","","","","","","","","","0.42000000000000004","0.6000000000000001","","","","","","","","","","","","","","","","","","","","","","",""
"9146.031571684","2026-08-15 08:42:54.645912","/home/akatoki/SC-30/scripts/SC-30/2_phase/motordrive.py","set_values","186","","","","","","","","","","","","","","","","","","","","","","0.49","0.7000000000000001","","","","","","","","","","","","","","","","","","","","","","",""
"9146.064181209","2026-08-15 08:42:54.678521","/home/akatoki/SC-30/scripts/SC-30/2_phase/motordrive.py","set_values","186","","","","","","","","","","","","","","","","","","","","","","0.5599999999999999","0.8","","","","","","","","","","","","","","","","","","","","","","",""
"9146.101469393","2026-08-15 08:42:54.715810","/home/akatoki/SC-30/scripts/SC-30/2_phase/motordrive.py","set_values","186","","","","","","","","","","","","","","","","","","","","","","0.63","0.9","","","","","","","","","","","","","","","","","","","","","","",""
"9146.133535015","2026-08-15 08:42:54.747873","/home/akatoki/SC-30/scripts/SC-30/2_phase/motordrive.py","set_values","186","","","","","","","","","","","","","","","","","","","","","","0.7","1.0","","","","","","","","","","","","","","","","","","","","","","",""
"9146.165020799","2026-08-15 08:42:54.779359","/home/akatoki/SC-30/scripts/SC-30/2_phase/motordrive.py","set_values","186","","","","","","","","","","","","","","","","","","","","","","0.7","1.0","","","","","","","","","","","","","","","","","","","","","","",""
"9147.016991367","2026-08-15 08:42:55.631333","/home/akatoki/SC-30/scripts/SC-30/2_phase/motordrive.py","move","267","","","inverted detected","","","","","","","","","","","","","","","","","","","","","","","","","","","","","","","","","","","","","","","","","","",""
"9147.023630636","2026-08-15 08:42:55.637973","/home/akatoki/SC-30/scripts/SC-30/2_phase/motordrive.py","stop","120","","","","stop: power_r=1.0, power_l=0.7","","","","","","","","","","","","","","","","","","","","","","","","","","","","","","","","","","","","","","","","","",""
"9147.606656795","2026-08-15 08:42:56.221009","/home/akatoki/SC-30/scripts/SC-30/2_phase/motordrive.py","stop","134","","","","","","","","","","","","","","","","","","","","","","0.0","0.0","","","","","","","","","","","","","","","","","","","","","","",""
"9147.711635882","2026-08-15 08:42:56.325994","/home/akatoki/SC-30/scripts/SC-30/2_phase/motordrive.py","<module>","364","","","",">> Stuck detected! Running release sequence...","","","","","","","","","","","","","","","","","","","","","","","","","","","","","","","","","","","","","","","","","",""
"9147.716498863","2026-08-15 08:42:56.330855","/home/akatoki/SC-30/scripts/SC-30/2_phase/motordrive.py","check_stuck","287","","","","check_stuck: is_stacked=2, is_inverted=False","","","","","","","","","","","","","","","","","","","","","","","","","","","","","","","","","","","","","","","","","",""
"9147.735421156","2026-08-15 08:42:56.349774","/home/akatoki/SC-30/scripts/SC-30/2_phase/motordrive.py","check_stuck","322","","","","Starting Inverted Release Sequence...","","","","","","","","","","","","","","","","","","","","","","","","","","","","","","","","","","","","","","","","","",""
"9150.742098178","2026-08-15 08:42:59.356449","/home/akatoki/SC-30/scripts/SC-30/2_phase/motordrive.py","move","150","","","","move: direction=w, power=1.0, duration=10.0","","","","","","","","","","","","","","","","","","","","","","","","","","","","","","","","","","","","","","","","","",""
"9150.748993903","2026-08-15 08:42:59.363344","/home/akatoki/SC-30/scripts/SC-30/2_phase/motordrive.py","set_values","186","","","","","","","","","","","","","","","","","","","","","","0.0","0.0","","","","","","","","","","","","","","","","","","","","","","",""
"9150.780124064","2026-08-15 08:42:59.394464","/home/akatoki/SC-30/scripts/SC-30/2_phase/motordrive.py","set_values","186","","","","","","","","","","","","","","","","","","","","","","0.06999999999999999","0.1","","","","","","","","","","","","","","","","","","","","","","",""
"9150.812148906","2026-08-15 08:42:59.426489","/home/akatoki/SC-30/scripts/SC-30/2_phase/motordrive.py","set_values","186","","","","","","","","","","","","","","","","","","","","","","0.13999999999999999","0.2","","","","","","","","","","","","","","","","","","","","","","",""
"9150.844299267","2026-08-15 08:42:59.458640","/home/akatoki/SC-30/scripts/SC-30/2_phase/motordrive.py","set_values","186","","","","","","","","","","","","","","","","","","","","","","0.21000000000000002","0.30000000000000004","","","","","","","","","","","","","","","","","","","","","","",""
"9150.881272193","2026-08-15 08:42:59.495612","/home/akatoki/SC-30/scripts/SC-30/2_phase/motordrive.py","set_values","186","","","","","","","","","","","","","","","","","","","","","","0.27999999999999997","0.4","","","","","","","","","","","","","","","","","","","","","","",""
"9150.913445471","2026-08-15 08:42:59.527785","/home/akatoki/SC-30/scripts/SC-30/2_phase/motordrive.py","set_values","186","","","","","","","","","","","","","","","","","","","","","","0.35","0.5","","","","","","","","","","","","","","","","","","","","","","",""
"9150.945523906","2026-08-15 08:42:59.559866","/home/akatoki/SC-30/scripts/SC-30/2_phase/motordrive.py","set_values","186","","","","","","","","","","","","","","","","","","","","","","0.42000000000000004","0.6000000000000001","","","","","","","","","","","","","","","","","","","","","","",""
"9150.977662341","2026-08-15 08:42:59.592002","/home/akatoki/SC-30/scripts/SC-30/2_phase/motordrive.py","set_values","186","","","","","","","","","","","","","","","","","","","","","","0.49","0.7000000000000001","","","","","","","","","","","","","","","","","","","","","","",""
"9151.009793744","2026-08-15 08:42:59.624134","/home/akatoki/SC-30/scripts/SC-30/2_phase/motordrive.py","set_values","186","","","","","","","","","","","","","","","","","","","","","","0.5599999999999999","0.8","","","","","","","","","","","","","","","","","","","","","","",""
"9151.041857804","2026-08-15 08:42:59.656197","/home/akatoki/SC-30/scripts/SC-30/2_phase/motordrive.py","set_values","186","","","","","","","","","","","","","","","","","","","","","","0.63","0.9","","","","","","","","","","","","","","","","","","","","","","",""
"9151.073871344","2026-08-15 08:42:59.688212","/home/akatoki/SC-30/scripts/SC-30/2_phase/motordrive.py","set_values","186","","","","","","","","","","","","","","","","","","","","","","0.7","1.0","","","","","","","","","","","","","","","","","","","","","","",""
"9151.105598948","2026-08-15 08:42:59.719939","/home/akatoki/SC-30/scripts/SC-30/2_phase/motordrive.py","set_values","186","","","","","","","","","","","","","","","","","","","","","","0.7","1.0","","","","","","","","","","","","","","","","","","","","","","",""
"9160.842492578","2026-08-15 08:43:09.456834","/home/akatoki/SC-30/scripts/SC-30/2_phase/motordrive.py","stop","120","","","","stop: power_r=1.0, power_l=0.7","","","","","","","","","","","","","","","","","","","","","","","","","","","","","","","","","","","","","","","","","",""
"9161.426059253","2026-08-15 08:43:10.040408","/home/akatoki/SC-30/scripts/SC-30/2_phase/motordrive.py","stop","134","","","","","","","","","","","","","","","","","","","","","","0.0","0.0","","","","","","","","","","","","","","","","","","","","","","",""
"9161.533043116","2026-08-15 08:43:10.147397","/home/akatoki/SC-30/scripts/SC-30/2_phase/motordrive.py","check_stuck","336","","","","Inverted Release Sequence Finished.","","","","","","","","","","","","","","","","","","","","","","","","","","","","","","","","","","","","","","","","","",""
"9171.371278887","2026-08-15 08:43:19.985634","/home/akatoki/SC-30/scripts/SC-30/2_phase/motordrive.py","<module>","359","","","","f""Move {d}, Inverted={is_inv}""","","","","","","","","","","","","","","","","","","","","","","","","","","","","","","","","","","","","","","","","","",""
"9171.375874318","2026-08-15 08:43:19.990223","/home/akatoki/SC-30/scripts/SC-30/2_phase/motordrive.py","move","150","","","","move: direction=w, power=1.0, duration=30.0","","","","","","","","","","","","","","","","","","","","","","","","","","","","","","","","","","","","","","","","","",""
"9171.386385847","2026-08-15 08:43:20.000735","/home/akatoki/SC-30/scripts/SC-30/2_phase/motordrive.py","set_values","186","","","","","","","","","","","","","","","","","","","","","","0.0","0.0","","","","","","","","","","","","","","","","","","","","","","",""
"9171.417445905","2026-08-15 08:43:20.031785","/home/akatoki/SC-30/scripts/SC-30/2_phase/motordrive.py","set_values","186","","","","","","","","","","","","","","","","","","","","","","0.06999999999999999","0.1","","","","","","","","","","","","","","","","","","","","","","",""
"9171.449591214","2026-08-15 08:43:20.063930","/home/akatoki/SC-30/scripts/SC-30/2_phase/motordrive.py","set_values","186","","","","","","","","","","","","","","","","","","","","","","0.13999999999999999","0.2","","","","","","","","","","","","","","","","","","","","","","",""
"9171.481350954","2026-08-15 08:43:20.095689","/home/akatoki/SC-30/scripts/SC-30/2_phase/motordrive.py","set_values","186","","","","","","","","","","","","","","","","","","","","","","0.21000000000000002","0.30000000000000004","","","","","","","","","","","","","","","","","","","","","","",""
"9171.512894133","2026-08-15 08:43:20.127232","/home/akatoki/SC-30/scripts/SC-30/2_phase/motordrive.py","set_values","186","","","","","","","","","","","","","","","","","","","","","","0.27999999999999997","0.4","","","","","","","","","","","","","","","","","","","","","","",""
"9171.544430176","2026-08-15 08:43:20.158768","/home/akatoki/SC-30/scripts/SC-30/2_phase/motordrive.py","set_values","186","","","","","","","","","","","","","","","","","","","","","","0.35","0.5","","","","","","","","","","","","","","","","","","","","","","",""
"9171.576364602","2026-08-15 08:43:20.190705","/home/akatoki/SC-30/scripts/SC-30/2_phase/motordrive.py","set_values","186","","","","","","","","","","","","","","","","","","","","","","0.42000000000000004","0.6000000000000001","","","","","","","","","","","","","","","","","","","","","","",""
"9171.608386058","2026-08-15 08:43:20.222726","/home/akatoki/SC-30/scripts/SC-30/2_phase/motordrive.py","set_values","186","","","","","","","","","","","","","","","","","","","","","","0.49","0.7000000000000001","","","","","","","","","","","","","","","","","","","","","","",""
"9171.645634607","2026-08-15 08:43:20.259974","/home/akatoki/SC-30/scripts/SC-30/2_phase/motordrive.py","set_values","186","","","","","","","","","","","","","","","","","","","","","","0.5599999999999999","0.8","","","","","","","","","","","","","","","","","","","","","","",""
"9171.677673563","2026-08-15 08:43:20.292012","/home/akatoki/SC-30/scripts/SC-30/2_phase/motordrive.py","set_values","186","","","","","","","","","","","","","","","","","","","","","","0.63","0.9","","","","","","","","","","","","","","","","","","","","","","",""
"9171.709672051","2026-08-15 08:43:20.324012","/home/akatoki/SC-30/scripts/SC-30/2_phase/motordrive.py","set_values","186","","","","","","","","","","","","","","","","","","","","","","0.7","1.0","","","","","","","","","","","","","","","","","","","","","","",""
"9171.742246888","2026-08-15 08:43:20.356587","/home/akatoki/SC-30/scripts/SC-30/2_phase/motordrive.py","set_values","186","","","","","","","","","","","","","","","","","","","","","","0.7","1.0","","","","","","","","","","","","","","","","","","","","","","",""
"9172.013188991","2026-08-15 08:43:20.627532","/home/akatoki/SC-30/scripts/SC-30/2_phase/motordrive.py","move","267","","","inverted detected","","","","","","","","","","","","","","","","","","","","","","","","","","","","","","","","","","","","","","","","","","",""
"9172.019613938","2026-08-15 08:43:20.633956","/home/akatoki/SC-30/scripts/SC-30/2_phase/motordrive.py","stop","120","","","","stop: power_r=1.0, power_l=0.7","","","","","","","","","","","","","","","","","","","","","","","","","","","","","","","","","","","","","","","","","",""
"9172.604112585","2026-08-15 08:43:21.218461","/home/akatoki/SC-30/scripts/SC-30/2_phase/motordrive.py","stop","134","","","","","","","","","","","","","","","","","","","","","","0.0","0.0","","","","","","","","","","","","","","","","","","","","","","",""
"9172.708819175","2026-08-15 08:43:21.323173","/home/akatoki/SC-30/scripts/SC-30/2_phase/motordrive.py","<module>","364","","","",">> Stuck detected! Running release sequence...","","","","","","","","","","","","","","","","","","","","","","","","","","","","","","","","","","","","","","","","","",""
"9172.713347575","2026-08-15 08:43:21.327704","/home/akatoki/SC-30/scripts/SC-30/2_phase/motordrive.py","check_stuck","287","","","","check_stuck: is_stacked=2, is_inverted=False","","","","","","","","","","","","","","","","","","","","","","","","","","","","","","","","","","","","","","","","","",""
"9172.716959473","2026-08-15 08:43:21.331315","/home/akatoki/SC-30/scripts/SC-30/2_phase/motordrive.py","check_stuck","322","","","","Starting Inverted Release Sequence...","","","","","","","","","","","","","","","","","","","","","","","","","","","","","","","","","","","","","","","","","",""
"9175.722083437","2026-08-15 08:43:24.336433","/home/akatoki/SC-30/scripts/SC-30/2_phase/motordrive.py","move","150","","","","move: direction=w, power=1.0, duration=10.0","","","","","","","","","","","","","","","","","","","","","","","","","","","","","","","","","","","","","","","","","",""
"9175.728939526","2026-08-15 08:43:24.343289","/home/akatoki/SC-30/scripts/SC-30/2_phase/motordrive.py","set_values","186","","","","","","","","","","","","","","","","","","","","","","0.0","0.0","","","","","","","","","","","","","","","","","","","","","","",""
"9175.760061459","2026-08-15 08:43:24.374402","/home/akatoki/SC-30/scripts/SC-30/2_phase/motordrive.py","set_values","186","","","","","","","","","","","","","","","","","","","","","","0.06999999999999999","0.1","","","","","","","","","","","","","","","","","","","","","","",""
"9175.792118175","2026-08-15 08:43:24.406459","/home/akatoki/SC-30/scripts/SC-30/2_phase/motordrive.py","set_values","186","","","","","","","","","","","","","","","","","","","","","","0.13999999999999999","0.2","","","","","","","","","","","","","","","","","","","","","","",""
"9175.829112976","2026-08-15 08:43:24.443454","/home/akatoki/SC-30/scripts/SC-30/2_phase/motordrive.py","set_values","186","","","","","","","","","","","","","","","","","","","","","","0.21000000000000002","0.30000000000000004","","","","","","","","","","","","","","","","","","","","","","",""
"9175.861153912","2026-08-15 08:43:24.475493","/home/akatoki/SC-30/scripts/SC-30/2_phase/motordrive.py","set_values","186","","","","","","","","","","","","","","","","","","","","","","0.27999999999999997","0.4","","","","","","","","","","","","","","","","","","","","","","",""
"9175.893202086","2026-08-15 08:43:24.507542","/home/akatoki/SC-30/scripts/SC-30/2_phase/motordrive.py","set_values","186","","","","","","","","","","","","","","","","","","","","","","0.35","0.5","","","","","","","","","","","","","","","","","","","","","","",""
"9175.926197285","2026-08-15 08:43:24.540538","/home/akatoki/SC-30/scripts/SC-30/2_phase/motordrive.py","set_values","186","","","","","","","","","","","","","","","","","","","","","","0.42000000000000004","0.6000000000000001","","","","","","","","","","","","","","","","","","","","","","",""
"9175.95820546","2026-08-15 08:43:24.572545","/home/akatoki/SC-30/scripts/SC-30/2_phase/motordrive.py","set_values","186","","","","","","","","","","","","","","","","","","","","","","0.49","0.7000000000000001","","","","","","","","","","","","","","","","","","","","","","",""
"9175.990229468","2026-08-15 08:43:24.604569","/home/akatoki/SC-30/scripts/SC-30/2_phase/motordrive.py","set_values","186","","","","","","","","","","","","","","","","","","","","","","0.5599999999999999","0.8","","","","","","","","","","","","","","","","","","","","","","",""
"9176.02233207","2026-08-15 08:43:24.636672","/home/akatoki/SC-30/scripts/SC-30/2_phase/motordrive.py","set_values","186","","","","","","","","","","","","","","","","","","","","","","0.63","0.9","","","","","","","","","","","","","","","","","","","","","","",""
"9176.059501348","2026-08-15 08:43:24.673842","/home/akatoki/SC-30/scripts/SC-30/2_phase/motordrive.py","set_values","186","","","","","","","","","","","","","","","","","","","","","","0.7","1.0","","","","","","","","","","","","","","","","","","","","","","",""
"9176.090877862","2026-08-15 08:43:24.705216","/home/akatoki/SC-30/scripts/SC-30/2_phase/motordrive.py","set_values","186","","","","","","","","","","","","","","","","","","","","","","0.7","1.0","","","","","","","","","","","","","","","","","","","","","","",""
"9185.822605031","2026-08-15 08:43:34.436947","/home/akatoki/SC-30/scripts/SC-30/2_phase/motordrive.py","stop","120","","","","stop: power_r=1.0, power_l=0.7","","","","","","","","","","","","","","","","","","","","","","","","","","","","","","","","","","","","","","","","","",""
"9186.407972004","2026-08-15 08:43:35.022374","/home/akatoki/SC-30/scripts/SC-30/2_phase/motordrive.py","stop","134","","","","","","","","","","","","","","","","","","","","","","0.0","0.0","","","","","","","","","","","","","","","","","","","","","","",""
"9186.514847535","2026-08-15 08:43:35.129203","/home/akatoki/SC-30/scripts/SC-30/2_phase/motordrive.py","check_stuck","336","","","","Inverted Release Sequence Finished.","","","","","","","","","","","","","","","","","","","","","","","","","","","","","","","","","","","","","","","","","",""
